student_id,alias,BASELINE_Q1_q1_single,BASELINE_Q2_q2_multi,BASELINE_Q3_q3_matching,BASELINE_Q4_q4_ordering,BASELINE_Q5_q5_evidence,BASELINE_Q6_q6_decision,BASELINE_Q7_q7_reason_select,BASELINE_Q8_q8_lateral_check,BASELINE_Q9_q9_logic_argument,BASELINE_Q10_q10_self,MISSION_1_Q1_q01_t1,MISSION_1_Q2_q02_t2,MISSION_1_Q3_q03_t3,MISSION_1_Q4_q04_t4,MISSION_1_Q5_q05_c1,MISSION_1_Q6_q06_c2,MISSION_1_Q7_q07_c3,MISSION_1_Q8_q08_c4,MISSION_1_Q9_q09_s1,MISSION_1_Q10_q10_s2,MISSION_1_Q11_q11_s3,MISSION_1_Q12_q12_s4,MISSION_1_Q13_q13_e1,MISSION_1_Q14_q14_e2,MISSION_1_Q15_q15_e3,MISSION_1_Q16_q16_revision,MISSION_2_Q1_q01_m2,MISSION_2_Q2_q02_m2,MISSION_2_Q3_q03_m2,MISSION_2_Q4_q04_m2,MISSION_2_Q5_q05_m2,MISSION_2_Q6_q06_m2,MISSION_2_Q7_q07_m2,MISSION_2_Q8_q08_m2,MISSION_2_Q9_q09_m2,MISSION_2_Q10_q10_m2,MISSION_2_Q11_q11_m2,MISSION_2_Q12_q12_m2,MISSION_2_Q13_q13_m2,MISSION_2_Q14_q14_m2,MISSION_2_Q15_q15_m2,MISSION_2_Q16_q16_m2,MISSION_3_Q1_q01_m3,MISSION_3_Q2_q02_m3,MISSION_3_Q3_q03_m3,MISSION_3_Q4_q04_m3,MISSION_3_Q5_q05_m3,MISSION_3_Q6_q06_m3,MISSION_3_Q7_q07_m3,MISSION_3_Q8_q08_m3,MISSION_3_Q9_q09_m3,MISSION_3_Q10_q10_m3,MISSION_3_Q11_q11_m3,MISSION_3_Q12_q12_m3,MISSION_3_Q13_q13_m3,MISSION_3_Q14_q14_m3,MISSION_3_Q15_q15_m3,MISSION_3_Q16_q16_m3,MISSION_4_Q1_q01_m4,MISSION_4_Q2_q02_m4,MISSION_4_Q3_q03_m4,MISSION_4_Q4_q04_m4,MISSION_4_Q5_q05_m4,MISSION_4_Q6_q06_m4,MISSION_4_Q7_q07_m4,MISSION_4_Q8_q08_m4,MISSION_4_Q9_q09_m4,MISSION_4_Q10_q10_m4,MISSION_4_Q11_q11_m4,MISSION_4_Q12_q12_m4,MISSION_4_Q13_q13_m4,MISSION_4_Q14_q14_m4,MISSION_4_Q15_q15_m4,MISSION_4_Q16_q16_m4,POST_TEST_Q1_q1_single,POST_TEST_Q2_q2_multi,POST_TEST_Q3_q3_matching,POST_TEST_Q4_q4_ordering,POST_TEST_Q5_q5_evidence,POST_TEST_Q6_q6_decision,POST_TEST_Q7_q7_reason_select,POST_TEST_Q8_q8_lateral_check,POST_TEST_Q9_q9_logic_argument,POST_TEST_Q10_q10_self
SD-2ETP3,Radar,RECORDED_IN_AGGREGATE,RECORDED_IN_AGGREGATE,RECORDED_IN_AGGREGATE,RECORDED_IN_AGGREGATE,RECORDED_IN_AGGREGATE,RECORDED_IN_AGGREGATE,RECORDED_IN_AGGREGATE,RECORDED_IN_AGGREGATE,RECORDED_IN_AGGREGATE,RECORDED_IN_AGGREGATE,RECORDED_IN_AGGREGATE,RECORDED_IN_AGGREGATE,RECORDED_IN_AGGREGATE,RECORDED_IN_AGGREGATE,RECORDED_IN_AGGREGATE,RECORDED_IN_AGGREGATE,RECORDED_IN_AGGREGATE,RECORDED_IN_AGGREGATE,RECORDED_IN_AGGREGATE,RECORDED_IN_AGGREGATE,RECORDED_IN_AGGREGATE,RECORDED_IN_AGGREGATE,RECORDED_IN_AGGREGATE,RECORDED_IN_AGGREGATE,RECORDED_IN_AGGREGATE,RECORDED_IN_AGGREGATE,RECORDED_IN_AGGREGATE,RECORDED_IN_AGGREGATE,RECORDED_IN_AGGREGATE,RECORDED_IN_AGGREGATE,RECORDED_IN_AGGREGATE,RECORDED_IN_AGGREGATE,RECORDED_IN_AGGREGATE,RECORDED_IN_AGGREGATE,RECORDED_IN_AGGREGATE,RECORDED_IN_AGGREGATE,RECORDED_IN_AGGREGATE,RECORDED_IN_AGGREGATE,RECORDED_IN_AGGREGATE,RECORDED_IN_AGGREGATE,RECORDED_IN_AGGREGATE,RECORDED_IN_AGGREGATE,RECORDED_IN_AGGREGATE,RECORDED_IN_AGGREGATE,RECORDED_IN_AGGREGATE,RECORDED_IN_AGGREGATE,RECORDED_IN_AGGREGATE,RECORDED_IN_AGGREGATE,RECORDED_IN_AGGREGATE,RECORDED_IN_AGGREGATE,RECORDED_IN_AGGREGATE,RECORDED_IN_AGGREGATE,RECORDED_IN_AGGREGATE,RECORDED_IN_AGGREGATE,RECORDED_IN_AGGREGATE,RECORDED_IN_AGGREGATE,RECORDED_IN_AGGREGATE,RECORDED_IN_AGGREGATE,RECORDED_IN_AGGREGATE,RECORDED_IN_AGGREGATE,RECORDED_IN_AGGREGATE,RECORDED_IN_AGGREGATE,RECORDED_IN_AGGREGATE,RECORDED_IN_AGGREGATE,RECORDED_IN_AGGREGATE,RECORDED_IN_AGGREGATE,RECORDED_IN_AGGREGATE,RECORDED_IN_AGGREGATE,RECORDED_IN_AGGREGATE,RECORDED_IN_AGGREGATE,RECORDED_IN_AGGREGATE,RECORDED_IN_AGGREGATE,RECORDED_IN_AGGREGATE,RECORDED_IN_AGGREGATE,RECORDED_IN_AGGREGATE,RECORDED_IN_AGGREGATE,RECORDED_IN_AGGREGATE,RECORDED_IN_AGGREGATE,RECORDED_IN_AGGREGATE,RECORDED_IN_AGGREGATE,RECORDED_IN_AGGREGATE,RECORDED_IN_AGGREGATE,RECORDED_IN_AGGREGATE,RECORDED_IN_AGGREGATE
SD-2FJTN,Petch,RECORDED_IN_AGGREGATE,RECORDED_IN_AGGREGATE,RECORDED_IN_AGGREGATE,RECORDED_IN_AGGREGATE,RECORDED_IN_AGGREGATE,RECORDED_IN_AGGREGATE,RECORDED_IN_AGGREGATE,RECORDED_IN_AGGREGATE,RECORDED_IN_AGGREGATE,RECORDED_IN_AGGREGATE,RECORDED_IN_AGGREGATE,RECORDED_IN_AGGREGATE,RECORDED_IN_AGGREGATE,RECORDED_IN_AGGREGATE,RECORDED_IN_AGGREGATE,RECORDED_IN_AGGREGATE,RECORDED_IN_AGGREGATE,RECORDED_IN_AGGREGATE,RECORDED_IN_AGGREGATE,RECORDED_IN_AGGREGATE,RECORDED_IN_AGGREGATE,RECORDED_IN_AGGREGATE,RECORDED_IN_AGGREGATE,RECORDED_IN_AGGREGATE,RECORDED_IN_AGGREGATE,RECORDED_IN_AGGREGATE,RECORDED_IN_AGGREGATE,RECORDED_IN_AGGREGATE,RECORDED_IN_AGGREGATE,RECORDED_IN_AGGREGATE,RECORDED_IN_AGGREGATE,RECORDED_IN_AGGREGATE,RECORDED_IN_AGGREGATE,RECORDED_IN_AGGREGATE,RECORDED_IN_AGGREGATE,RECORDED_IN_AGGREGATE,RECORDED_IN_AGGREGATE,RECORDED_IN_AGGREGATE,RECORDED_IN_AGGREGATE,RECORDED_IN_AGGREGATE,RECORDED_IN_AGGREGATE,RECORDED_IN_AGGREGATE,RECORDED_IN_AGGREGATE,RECORDED_IN_AGGREGATE,RECORDED_IN_AGGREGATE,RECORDED_IN_AGGREGATE,RECORDED_IN_AGGREGATE,RECORDED_IN_AGGREGATE,RECORDED_IN_AGGREGATE,RECORDED_IN_AGGREGATE,RECORDED_IN_AGGREGATE,RECORDED_IN_AGGREGATE,RECORDED_IN_AGGREGATE,RECORDED_IN_AGGREGATE,RECORDED_IN_AGGREGATE,RECORDED_IN_AGGREGATE,RECORDED_IN_AGGREGATE,RECORDED_IN_AGGREGATE,RECORDED_IN_AGGREGATE,RECORDED_IN_AGGREGATE,RECORDED_IN_AGGREGATE,RECORDED_IN_AGGREGATE,RECORDED_IN_AGGREGATE,RECORDED_IN_AGGREGATE,RECORDED_IN_AGGREGATE,RECORDED_IN_AGGREGATE,RECORDED_IN_AGGREGATE,RECORDED_IN_AGGREGATE,RECORDED_IN_AGGREGATE,RECORDED_IN_AGGREGATE,RECORDED_IN_AGGREGATE,RECORDED_IN_AGGREGATE,RECORDED_IN_AGGREGATE,RECORDED_IN_AGGREGATE,RECORDED_IN_AGGREGATE,RECORDED_IN_AGGREGATE,RECORDED_IN_AGGREGATE,RECORDED_IN_AGGREGATE,RECORDED_IN_AGGREGATE,RECORDED_IN_AGGREGATE,RECORDED_IN_AGGREGATE,RECORDED_IN_AGGREGATE,RECORDED_IN_AGGREGATE,RECORDED_IN_AGGREGATE
SD-68QME,Max,RECORDED_IN_AGGREGATE,RECORDED_IN_AGGREGATE,RECORDED_IN_AGGREGATE,RECORDED_IN_AGGREGATE,RECORDED_IN_AGGREGATE,RECORDED_IN_AGGREGATE,RECORDED_IN_AGGREGATE,RECORDED_IN_AGGREGATE,RECORDED_IN_AGGREGATE,RECORDED_IN_AGGREGATE,RECORDED_IN_AGGREGATE,RECORDED_IN_AGGREGATE,RECORDED_IN_AGGREGATE,RECORDED_IN_AGGREGATE,RECORDED_IN_AGGREGATE,RECORDED_IN_AGGREGATE,RECORDED_IN_AGGREGATE,RECORDED_IN_AGGREGATE,RECORDED_IN_AGGREGATE,RECORDED_IN_AGGREGATE,RECORDED_IN_AGGREGATE,RECORDED_IN_AGGREGATE,RECORDED_IN_AGGREGATE,RECORDED_IN_AGGREGATE,RECORDED_IN_AGGREGATE,RECORDED_IN_AGGREGATE,RECORDED_IN_AGGREGATE,RECORDED_IN_AGGREGATE,RECORDED_IN_AGGREGATE,RECORDED_IN_AGGREGATE,RECORDED_IN_AGGREGATE,RECORDED_IN_AGGREGATE,RECORDED_IN_AGGREGATE,RECORDED_IN_AGGREGATE,RECORDED_IN_AGGREGATE,RECORDED_IN_AGGREGATE,RECORDED_IN_AGGREGATE,RECORDED_IN_AGGREGATE,RECORDED_IN_AGGREGATE,RECORDED_IN_AGGREGATE,RECORDED_IN_AGGREGATE,RECORDED_IN_AGGREGATE,RECORDED_IN_AGGREGATE,RECORDED_IN_AGGREGATE,RECORDED_IN_AGGREGATE,RECORDED_IN_AGGREGATE,RECORDED_IN_AGGREGATE,RECORDED_IN_AGGREGATE,RECORDED_IN_AGGREGATE,RECORDED_IN_AGGREGATE,RECORDED_IN_AGGREGATE,RECORDED_IN_AGGREGATE,RECORDED_IN_AGGREGATE,RECORDED_IN_AGGREGATE,RECORDED_IN_AGGREGATE,RECORDED_IN_AGGREGATE,RECORDED_IN_AGGREGATE,RECORDED_IN_AGGREGATE,RECORDED_IN_AGGREGATE,RECORDED_IN_AGGREGATE,RECORDED_IN_AGGREGATE,RECORDED_IN_AGGREGATE,RECORDED_IN_AGGREGATE,RECORDED_IN_AGGREGATE,RECORDED_IN_AGGREGATE,RECORDED_IN_AGGREGATE,RECORDED_IN_AGGREGATE,RECORDED_IN_AGGREGATE,RECORDED_IN_AGGREGATE,RECORDED_IN_AGGREGATE,RECORDED_IN_AGGREGATE,RECORDED_IN_AGGREGATE,RECORDED_IN_AGGREGATE,RECORDED_IN_AGGREGATE,RECORDED_IN_AGGREGATE,RECORDED_IN_AGGREGATE,RECORDED_IN_AGGREGATE,RECORDED_IN_AGGREGATE,RECORDED_IN_AGGREGATE,RECORDED_IN_AGGREGATE,RECORDED_IN_AGGREGATE,RECORDED_IN_AGGREGATE,RECORDED_IN_AGGREGATE,RECORDED_IN_AGGREGATE
SD-88H7G,ภูมิ,RECORDED_IN_AGGREGATE,RECORDED_IN_AGGREGATE,RECORDED_IN_AGGREGATE,RECORDED_IN_AGGREGATE,RECORDED_IN_AGGREGATE,RECORDED_IN_AGGREGATE,RECORDED_IN_AGGREGATE,RECORDED_IN_AGGREGATE,RECORDED_IN_AGGREGATE,RECORDED_IN_AGGREGATE,RECORDED_IN_AGGREGATE,RECORDED_IN_AGGREGATE,RECORDED_IN_AGGREGATE,RECORDED_IN_AGGREGATE,RECORDED_IN_AGGREGATE,RECORDED_IN_AGGREGATE,RECORDED_IN_AGGREGATE,RECORDED_IN_AGGREGATE,RECORDED_IN_AGGREGATE,RECORDED_IN_AGGREGATE,RECORDED_IN_AGGREGATE,RECORDED_IN_AGGREGATE,RECORDED_IN_AGGREGATE,RECORDED_IN_AGGREGATE,RECORDED_IN_AGGREGATE,RECORDED_IN_AGGREGATE,RECORDED_IN_AGGREGATE,RECORDED_IN_AGGREGATE,RECORDED_IN_AGGREGATE,RECORDED_IN_AGGREGATE,RECORDED_IN_AGGREGATE,RECORDED_IN_AGGREGATE,RECORDED_IN_AGGREGATE,RECORDED_IN_AGGREGATE,RECORDED_IN_AGGREGATE,RECORDED_IN_AGGREGATE,RECORDED_IN_AGGREGATE,RECORDED_IN_AGGREGATE,RECORDED_IN_AGGREGATE,RECORDED_IN_AGGREGATE,RECORDED_IN_AGGREGATE,RECORDED_IN_AGGREGATE,RECORDED_IN_AGGREGATE,RECORDED_IN_AGGREGATE,RECORDED_IN_AGGREGATE,RECORDED_IN_AGGREGATE,RECORDED_IN_AGGREGATE,RECORDED_IN_AGGREGATE,RECORDED_IN_AGGREGATE,RECORDED_IN_AGGREGATE,RECORDED_IN_AGGREGATE,RECORDED_IN_AGGREGATE,RECORDED_IN_AGGREGATE,RECORDED_IN_AGGREGATE,RECORDED_IN_AGGREGATE,RECORDED_IN_AGGREGATE,RECORDED_IN_AGGREGATE,RECORDED_IN_AGGREGATE,RECORDED_IN_AGGREGATE,RECORDED_IN_AGGREGATE,RECORDED_IN_AGGREGATE,RECORDED_IN_AGGREGATE,RECORDED_IN_AGGREGATE,RECORDED_IN_AGGREGATE,RECORDED_IN_AGGREGATE,RECORDED_IN_AGGREGATE,RECORDED_IN_AGGREGATE,RECORDED_IN_AGGREGATE,RECORDED_IN_AGGREGATE,RECORDED_IN_AGGREGATE,RECORDED_IN_AGGREGATE,RECORDED_IN_AGGREGATE,RECORDED_IN_AGGREGATE,RECORDED_IN_AGGREGATE,RECORDED_IN_AGGREGATE,RECORDED_IN_AGGREGATE,RECORDED_IN_AGGREGATE,RECORDED_IN_AGGREGATE,RECORDED_IN_AGGREGATE,RECORDED_IN_AGGREGATE,RECORDED_IN_AGGREGATE,RECORDED_IN_AGGREGATE,RECORDED_IN_AGGREGATE,RECORDED_IN_AGGREGATE
SD-AXTTJ,Tectid,RECORDED_IN_AGGREGATE,RECORDED_IN_AGGREGATE,RECORDED_IN_AGGREGATE,RECORDED_IN_AGGREGATE,RECORDED_IN_AGGREGATE,RECORDED_IN_AGGREGATE,RECORDED_IN_AGGREGATE,RECORDED_IN_AGGREGATE,RECORDED_IN_AGGREGATE,RECORDED_IN_AGGREGATE,RECORDED_IN_AGGREGATE,RECORDED_IN_AGGREGATE,RECORDED_IN_AGGREGATE,RECORDED_IN_AGGREGATE,RECORDED_IN_AGGREGATE,RECORDED_IN_AGGREGATE,RECORDED_IN_AGGREGATE,RECORDED_IN_AGGREGATE,RECORDED_IN_AGGREGATE,RECORDED_IN_AGGREGATE,RECORDED_IN_AGGREGATE,RECORDED_IN_AGGREGATE,RECORDED_IN_AGGREGATE,RECORDED_IN_AGGREGATE,RECORDED_IN_AGGREGATE,RECORDED_IN_AGGREGATE,RECORDED_IN_AGGREGATE,RECORDED_IN_AGGREGATE,RECORDED_IN_AGGREGATE,RECORDED_IN_AGGREGATE,RECORDED_IN_AGGREGATE,RECORDED_IN_AGGREGATE,RECORDED_IN_AGGREGATE,RECORDED_IN_AGGREGATE,RECORDED_IN_AGGREGATE,RECORDED_IN_AGGREGATE,RECORDED_IN_AGGREGATE,RECORDED_IN_AGGREGATE,RECORDED_IN_AGGREGATE,RECORDED_IN_AGGREGATE,RECORDED_IN_AGGREGATE,RECORDED_IN_AGGREGATE,RECORDED_IN_AGGREGATE,RECORDED_IN_AGGREGATE,RECORDED_IN_AGGREGATE,RECORDED_IN_AGGREGATE,RECORDED_IN_AGGREGATE,RECORDED_IN_AGGREGATE,RECORDED_IN_AGGREGATE,RECORDED_IN_AGGREGATE,RECORDED_IN_AGGREGATE,RECORDED_IN_AGGREGATE,RECORDED_IN_AGGREGATE,RECORDED_IN_AGGREGATE,RECORDED_IN_AGGREGATE,RECORDED_IN_AGGREGATE,RECORDED_IN_AGGREGATE,RECORDED_IN_AGGREGATE,RECORDED_IN_AGGREGATE,RECORDED_IN_AGGREGATE,RECORDED_IN_AGGREGATE,RECORDED_IN_AGGREGATE,RECORDED_IN_AGGREGATE,RECORDED_IN_AGGREGATE,RECORDED_IN_AGGREGATE,RECORDED_IN_AGGREGATE,RECORDED_IN_AGGREGATE,RECORDED_IN_AGGREGATE,RECORDED_IN_AGGREGATE,RECORDED_IN_AGGREGATE,RECORDED_IN_AGGREGATE,RECORDED_IN_AGGREGATE,RECORDED_IN_AGGREGATE,RECORDED_IN_AGGREGATE,RECORDED_IN_AGGREGATE,RECORDED_IN_AGGREGATE,RECORDED_IN_AGGREGATE,RECORDED_IN_AGGREGATE,RECORDED_IN_AGGREGATE,RECORDED_IN_AGGREGATE,RECORDED_IN_AGGREGATE,RECORDED_IN_AGGREGATE,RECORDED_IN_AGGREGATE,RECORDED_IN_AGGREGATE
SD-C3JUV,Andrey,RECORDED_IN_AGGREGATE,RECORDED_IN_AGGREGATE,RECORDED_IN_AGGREGATE,RECORDED_IN_AGGREGATE,RECORDED_IN_AGGREGATE,RECORDED_IN_AGGREGATE,RECORDED_IN_AGGREGATE,RECORDED_IN_AGGREGATE,RECORDED_IN_AGGREGATE,RECORDED_IN_AGGREGATE,RECORDED_IN_AGGREGATE,RECORDED_IN_AGGREGATE,RECORDED_IN_AGGREGATE,RECORDED_IN_AGGREGATE,RECORDED_IN_AGGREGATE,RECORDED_IN_AGGREGATE,RECORDED_IN_AGGREGATE,RECORDED_IN_AGGREGATE,RECORDED_IN_AGGREGATE,RECORDED_IN_AGGREGATE,RECORDED_IN_AGGREGATE,RECORDED_IN_AGGREGATE,RECORDED_IN_AGGREGATE,RECORDED_IN_AGGREGATE,RECORDED_IN_AGGREGATE,RECORDED_IN_AGGREGATE,RECORDED_IN_AGGREGATE,RECORDED_IN_AGGREGATE,RECORDED_IN_AGGREGATE,RECORDED_IN_AGGREGATE,RECORDED_IN_AGGREGATE,RECORDED_IN_AGGREGATE,RECORDED_IN_AGGREGATE,RECORDED_IN_AGGREGATE,RECORDED_IN_AGGREGATE,RECORDED_IN_AGGREGATE,RECORDED_IN_AGGREGATE,RECORDED_IN_AGGREGATE,RECORDED_IN_AGGREGATE,RECORDED_IN_AGGREGATE,RECORDED_IN_AGGREGATE,RECORDED_IN_AGGREGATE,RECORDED_IN_AGGREGATE,RECORDED_IN_AGGREGATE,RECORDED_IN_AGGREGATE,RECORDED_IN_AGGREGATE,RECORDED_IN_AGGREGATE,RECORDED_IN_AGGREGATE,RECORDED_IN_AGGREGATE,RECORDED_IN_AGGREGATE,RECORDED_IN_AGGREGATE,RECORDED_IN_AGGREGATE,RECORDED_IN_AGGREGATE,RECORDED_IN_AGGREGATE,RECORDED_IN_AGGREGATE,RECORDED_IN_AGGREGATE,RECORDED_IN_AGGREGATE,RECORDED_IN_AGGREGATE,RECORDED_IN_AGGREGATE,RECORDED_IN_AGGREGATE,RECORDED_IN_AGGREGATE,RECORDED_IN_AGGREGATE,RECORDED_IN_AGGREGATE,RECORDED_IN_AGGREGATE,RECORDED_IN_AGGREGATE,RECORDED_IN_AGGREGATE,RECORDED_IN_AGGREGATE,RECORDED_IN_AGGREGATE,RECORDED_IN_AGGREGATE,RECORDED_IN_AGGREGATE,RECORDED_IN_AGGREGATE,RECORDED_IN_AGGREGATE,RECORDED_IN_AGGREGATE,RECORDED_IN_AGGREGATE,RECORDED_IN_AGGREGATE,RECORDED_IN_AGGREGATE,RECORDED_IN_AGGREGATE,RECORDED_IN_AGGREGATE,RECORDED_IN_AGGREGATE,RECORDED_IN_AGGREGATE,RECORDED_IN_AGGREGATE,RECORDED_IN_AGGREGATE,RECORDED_IN_AGGREGATE,RECORDED_IN_AGGREGATE
SD-HJF6X,ข้าว,RECORDED_IN_AGGREGATE,RECORDED_IN_AGGREGATE,RECORDED_IN_AGGREGATE,RECORDED_IN_AGGREGATE,RECORDED_IN_AGGREGATE,RECORDED_IN_AGGREGATE,RECORDED_IN_AGGREGATE,RECORDED_IN_AGGREGATE,RECORDED_IN_AGGREGATE,RECORDED_IN_AGGREGATE,RECORDED_IN_AGGREGATE,RECORDED_IN_AGGREGATE,RECORDED_IN_AGGREGATE,RECORDED_IN_AGGREGATE,RECORDED_IN_AGGREGATE,RECORDED_IN_AGGREGATE,RECORDED_IN_AGGREGATE,RECORDED_IN_AGGREGATE,RECORDED_IN_AGGREGATE,RECORDED_IN_AGGREGATE,RECORDED_IN_AGGREGATE,RECORDED_IN_AGGREGATE,RECORDED_IN_AGGREGATE,RECORDED_IN_AGGREGATE,RECORDED_IN_AGGREGATE,RECORDED_IN_AGGREGATE,RECORDED_IN_AGGREGATE,RECORDED_IN_AGGREGATE,RECORDED_IN_AGGREGATE,RECORDED_IN_AGGREGATE,RECORDED_IN_AGGREGATE,RECORDED_IN_AGGREGATE,RECORDED_IN_AGGREGATE,RECORDED_IN_AGGREGATE,RECORDED_IN_AGGREGATE,RECORDED_IN_AGGREGATE,RECORDED_IN_AGGREGATE,RECORDED_IN_AGGREGATE,RECORDED_IN_AGGREGATE,RECORDED_IN_AGGREGATE,RECORDED_IN_AGGREGATE,RECORDED_IN_AGGREGATE,RECORDED_IN_AGGREGATE,RECORDED_IN_AGGREGATE,RECORDED_IN_AGGREGATE,RECORDED_IN_AGGREGATE,RECORDED_IN_AGGREGATE,RECORDED_IN_AGGREGATE,RECORDED_IN_AGGREGATE,RECORDED_IN_AGGREGATE,RECORDED_IN_AGGREGATE,RECORDED_IN_AGGREGATE,RECORDED_IN_AGGREGATE,RECORDED_IN_AGGREGATE,RECORDED_IN_AGGREGATE,RECORDED_IN_AGGREGATE,RECORDED_IN_AGGREGATE,RECORDED_IN_AGGREGATE,RECORDED_IN_AGGREGATE,RECORDED_IN_AGGREGATE,RECORDED_IN_AGGREGATE,RECORDED_IN_AGGREGATE,RECORDED_IN_AGGREGATE,RECORDED_IN_AGGREGATE,RECORDED_IN_AGGREGATE,RECORDED_IN_AGGREGATE,RECORDED_IN_AGGREGATE,RECORDED_IN_AGGREGATE,RECORDED_IN_AGGREGATE,RECORDED_IN_AGGREGATE,RECORDED_IN_AGGREGATE,RECORDED_IN_AGGREGATE,RECORDED_IN_AGGREGATE,RECORDED_IN_AGGREGATE,RECORDED_IN_AGGREGATE,RECORDED_IN_AGGREGATE,RECORDED_IN_AGGREGATE,RECORDED_IN_AGGREGATE,RECORDED_IN_AGGREGATE,RECORDED_IN_AGGREGATE,RECORDED_IN_AGGREGATE,RECORDED_IN_AGGREGATE,RECORDED_IN_AGGREGATE,RECORDED_IN_AGGREGATE
SD-JCC9U,Fino,RECORDED_IN_AGGREGATE,RECORDED_IN_AGGREGATE,RECORDED_IN_AGGREGATE,RECORDED_IN_AGGREGATE,RECORDED_IN_AGGREGATE,RECORDED_IN_AGGREGATE,RECORDED_IN_AGGREGATE,RECORDED_IN_AGGREGATE,RECORDED_IN_AGGREGATE,RECORDED_IN_AGGREGATE,RECORDED_IN_AGGREGATE,RECORDED_IN_AGGREGATE,RECORDED_IN_AGGREGATE,RECORDED_IN_AGGREGATE,RECORDED_IN_AGGREGATE,RECORDED_IN_AGGREGATE,RECORDED_IN_AGGREGATE,RECORDED_IN_AGGREGATE,RECORDED_IN_AGGREGATE,RECORDED_IN_AGGREGATE,RECORDED_IN_AGGREGATE,RECORDED_IN_AGGREGATE,RECORDED_IN_AGGREGATE,RECORDED_IN_AGGREGATE,RECORDED_IN_AGGREGATE,RECORDED_IN_AGGREGATE,RECORDED_IN_AGGREGATE,RECORDED_IN_AGGREGATE,RECORDED_IN_AGGREGATE,RECORDED_IN_AGGREGATE,RECORDED_IN_AGGREGATE,RECORDED_IN_AGGREGATE,RECORDED_IN_AGGREGATE,RECORDED_IN_AGGREGATE,RECORDED_IN_AGGREGATE,RECORDED_IN_AGGREGATE,RECORDED_IN_AGGREGATE,RECORDED_IN_AGGREGATE,RECORDED_IN_AGGREGATE,RECORDED_IN_AGGREGATE,RECORDED_IN_AGGREGATE,RECORDED_IN_AGGREGATE,RECORDED_IN_AGGREGATE,RECORDED_IN_AGGREGATE,RECORDED_IN_AGGREGATE,RECORDED_IN_AGGREGATE,RECORDED_IN_AGGREGATE,RECORDED_IN_AGGREGATE,RECORDED_IN_AGGREGATE,RECORDED_IN_AGGREGATE,RECORDED_IN_AGGREGATE,RECORDED_IN_AGGREGATE,RECORDED_IN_AGGREGATE,RECORDED_IN_AGGREGATE,RECORDED_IN_AGGREGATE,RECORDED_IN_AGGREGATE,RECORDED_IN_AGGREGATE,RECORDED_IN_AGGREGATE,RECORDED_IN_AGGREGATE,RECORDED_IN_AGGREGATE,RECORDED_IN_AGGREGATE,RECORDED_IN_AGGREGATE,RECORDED_IN_AGGREGATE,RECORDED_IN_AGGREGATE,RECORDED_IN_AGGREGATE,RECORDED_IN_AGGREGATE,RECORDED_IN_AGGREGATE,RECORDED_IN_AGGREGATE,RECORDED_IN_AGGREGATE,RECORDED_IN_AGGREGATE,RECORDED_IN_AGGREGATE,RECORDED_IN_AGGREGATE,RECORDED_IN_AGGREGATE,RECORDED_IN_AGGREGATE,RECORDED_IN_AGGREGATE,RECORDED_IN_AGGREGATE,RECORDED_IN_AGGREGATE,RECORDED_IN_AGGREGATE,RECORDED_IN_AGGREGATE,RECORDED_IN_AGGREGATE,RECORDED_IN_AGGREGATE,RECORDED_IN_AGGREGATE,RECORDED_IN_AGGREGATE,RECORDED_IN_AGGREGATE
SD-PLTRN,Snack,RECORDED_IN_AGGREGATE,RECORDED_IN_AGGREGATE,RECORDED_IN_AGGREGATE,RECORDED_IN_AGGREGATE,RECORDED_IN_AGGREGATE,RECORDED_IN_AGGREGATE,RECORDED_IN_AGGREGATE,RECORDED_IN_AGGREGATE,RECORDED_IN_AGGREGATE,RECORDED_IN_AGGREGATE,RECORDED_IN_AGGREGATE,RECORDED_IN_AGGREGATE,RECORDED_IN_AGGREGATE,RECORDED_IN_AGGREGATE,RECORDED_IN_AGGREGATE,RECORDED_IN_AGGREGATE,RECORDED_IN_AGGREGATE,RECORDED_IN_AGGREGATE,RECORDED_IN_AGGREGATE,RECORDED_IN_AGGREGATE,RECORDED_IN_AGGREGATE,RECORDED_IN_AGGREGATE,RECORDED_IN_AGGREGATE,RECORDED_IN_AGGREGATE,RECORDED_IN_AGGREGATE,RECORDED_IN_AGGREGATE,RECORDED_IN_AGGREGATE,RECORDED_IN_AGGREGATE,RECORDED_IN_AGGREGATE,RECORDED_IN_AGGREGATE,RECORDED_IN_AGGREGATE,RECORDED_IN_AGGREGATE,RECORDED_IN_AGGREGATE,RECORDED_IN_AGGREGATE,RECORDED_IN_AGGREGATE,RECORDED_IN_AGGREGATE,RECORDED_IN_AGGREGATE,RECORDED_IN_AGGREGATE,RECORDED_IN_AGGREGATE,RECORDED_IN_AGGREGATE,RECORDED_IN_AGGREGATE,RECORDED_IN_AGGREGATE,RECORDED_IN_AGGREGATE,RECORDED_IN_AGGREGATE,RECORDED_IN_AGGREGATE,RECORDED_IN_AGGREGATE,RECORDED_IN_AGGREGATE,RECORDED_IN_AGGREGATE,RECORDED_IN_AGGREGATE,RECORDED_IN_AGGREGATE,RECORDED_IN_AGGREGATE,RECORDED_IN_AGGREGATE,RECORDED_IN_AGGREGATE,RECORDED_IN_AGGREGATE,RECORDED_IN_AGGREGATE,RECORDED_IN_AGGREGATE,RECORDED_IN_AGGREGATE,RECORDED_IN_AGGREGATE,RECORDED_IN_AGGREGATE,RECORDED_IN_AGGREGATE,RECORDED_IN_AGGREGATE,RECORDED_IN_AGGREGATE,RECORDED_IN_AGGREGATE,RECORDED_IN_AGGREGATE,RECORDED_IN_AGGREGATE,RECORDED_IN_AGGREGATE,RECORDED_IN_AGGREGATE,RECORDED_IN_AGGREGATE,RECORDED_IN_AGGREGATE,RECORDED_IN_AGGREGATE,RECORDED_IN_AGGREGATE,RECORDED_IN_AGGREGATE,RECORDED_IN_AGGREGATE,RECORDED_IN_AGGREGATE,RECORDED_IN_AGGREGATE,RECORDED_IN_AGGREGATE,RECORDED_IN_AGGREGATE,RECORDED_IN_AGGREGATE,RECORDED_IN_AGGREGATE,RECORDED_IN_AGGREGATE,RECORDED_IN_AGGREGATE,RECORDED_IN_AGGREGATE,RECORDED_IN_AGGREGATE,RECORDED_IN_AGGREGATE
SD-XDLM6,Ilrey,RECORDED_IN_AGGREGATE,RECORDED_IN_AGGREGATE,RECORDED_IN_AGGREGATE,RECORDED_IN_AGGREGATE,RECORDED_IN_AGGREGATE,RECORDED_IN_AGGREGATE,RECORDED_IN_AGGREGATE,RECORDED_IN_AGGREGATE,RECORDED_IN_AGGREGATE,RECORDED_IN_AGGREGATE,RECORDED_IN_AGGREGATE,RECORDED_IN_AGGREGATE,RECORDED_IN_AGGREGATE,RECORDED_IN_AGGREGATE,RECORDED_IN_AGGREGATE,RECORDED_IN_AGGREGATE,RECORDED_IN_AGGREGATE,RECORDED_IN_AGGREGATE,RECORDED_IN_AGGREGATE,RECORDED_IN_AGGREGATE,RECORDED_IN_AGGREGATE,RECORDED_IN_AGGREGATE,RECORDED_IN_AGGREGATE,RECORDED_IN_AGGREGATE,RECORDED_IN_AGGREGATE,RECORDED_IN_AGGREGATE,RECORDED_IN_AGGREGATE,RECORDED_IN_AGGREGATE,RECORDED_IN_AGGREGATE,RECORDED_IN_AGGREGATE,RECORDED_IN_AGGREGATE,RECORDED_IN_AGGREGATE,RECORDED_IN_AGGREGATE,RECORDED_IN_AGGREGATE,RECORDED_IN_AGGREGATE,RECORDED_IN_AGGREGATE,RECORDED_IN_AGGREGATE,RECORDED_IN_AGGREGATE,RECORDED_IN_AGGREGATE,RECORDED_IN_AGGREGATE,RECORDED_IN_AGGREGATE,RECORDED_IN_AGGREGATE,RECORDED_IN_AGGREGATE,RECORDED_IN_AGGREGATE,RECORDED_IN_AGGREGATE,RECORDED_IN_AGGREGATE,RECORDED_IN_AGGREGATE,RECORDED_IN_AGGREGATE,RECORDED_IN_AGGREGATE,RECORDED_IN_AGGREGATE,RECORDED_IN_AGGREGATE,RECORDED_IN_AGGREGATE,RECORDED_IN_AGGREGATE,RECORDED_IN_AGGREGATE,RECORDED_IN_AGGREGATE,RECORDED_IN_AGGREGATE,RECORDED_IN_AGGREGATE,RECORDED_IN_AGGREGATE,RECORDED_IN_AGGREGATE,RECORDED_IN_AGGREGATE,RECORDED_IN_AGGREGATE,RECORDED_IN_AGGREGATE,RECORDED_IN_AGGREGATE,RECORDED_IN_AGGREGATE,RECORDED_IN_AGGREGATE,RECORDED_IN_AGGREGATE,RECORDED_IN_AGGREGATE,RECORDED_IN_AGGREGATE,RECORDED_IN_AGGREGATE,RECORDED_IN_AGGREGATE,RECORDED_IN_AGGREGATE,RECORDED_IN_AGGREGATE,RECORDED_IN_AGGREGATE,RECORDED_IN_AGGREGATE,RECORDED_IN_AGGREGATE,RECORDED_IN_AGGREGATE,RECORDED_IN_AGGREGATE,RECORDED_IN_AGGREGATE,RECORDED_IN_AGGREGATE,RECORDED_IN_AGGREGATE,RECORDED_IN_AGGREGATE,RECORDED_IN_AGGREGATE,RECORDED_IN_AGGREGATE,RECORDED_IN_AGGREGATE